{"cameraMode":{"drawMode":0,"name":"Shaded","section":"Shading Mode"},"sceneLighting":true,"audioPlay":false,"sceneViewState":{"showFog":true,"showMaterialUpdate":false,"showSkybox":true,"showFlares":true,"showImageEffects":true,"showParticleSystems":true},"in2DMode":false,"pivot":{"x":-1.3040000200271607,"y":0.9100000858306885,"z":0.0},"rotation":{"x":-0.0002979328273795545,"y":-0.9950100779533386,"z":0.10064831376075745,"w":-0.0038878752384334804},"size":9.525802612304688,"orthographic":false}